order_id,order_date,customer_name,customer_segment,product_name,category,region,city,state,sales,quantity,discount,profit
ORD-0001,2024-04-08,Alice Johnson,Consumer,Paper,Office Supplies,West,Seattle,Washington,287.68,2,0.3,17.07
ORD-0002,2024-04-23,Mia Robinson,Consumer,Phone,Technology,West,Denver,Colorado,1303.27,9,0.2,144.06
ORD-0003,2024-05-05,Frank Wilson,Corporate,Keyboard,Technology,South,Charlotte,North Carolina,438.47,13,0.15,33.87
ORD-0004,2024-09-04,Jack Thompson,Corporate,Binder,Office Supplies,West,Portland,Oregon,1946.5,7,0,527.14
ORD-0005,2024-11-08,Henry Clark,Home Office,Pens,Office Supplies,West,Los Angeles,California,1548.41,2,0.05,583.38
ORD-0006,2024-04-22,Leo Garcia,Consumer,Desk,Furniture,Central,Houston,Texas,541.29,15,0,158.95
ORD-0007,2024-11-23,David Brown,Consumer,Monitor,Technology,South,Charlotte,North Carolina,1118.33,11,0.15,368.01
ORD-0008,2024-04-19,Olivia Hall,Home Office,Table,Furniture,Central,Chicago,Illinois,1753.97,6,0.05,520.17
ORD-0009,2024-04-24,David Brown,Consumer,Desk,Furniture,Central,Dallas,Texas,1127.12,5,0.2,368.91
ORD-0010,2024-02-05,Jack Thompson,Corporate,Stapler,Office Supplies,West,Los Angeles,California,1258.62,13,0.2,290.55
ORD-0011,2024-11-18,Henry Clark,Consumer,Binder,Office Supplies,West,Los Angeles,California,1504.25,13,0.15,120.98
ORD-0012,2024-03-17,David Brown,Consumer,Markers,Office Supplies,Central,Detroit,Michigan,1826.13,14,0.1,635.5
ORD-0013,2024-06-16,Eva Martinez,Consumer,Desk,Furniture,West,Denver,Colorado,48.76,15,0.15,16.64
ORD-0014,2024-12-16,Iris Davis,Consumer,Phone,Technology,West,Los Angeles,California,1633.89,13,0.3,-118.24
ORD-0015,2024-09-25,Frank Wilson,Corporate,Cabinet,Furniture,South,Nashville,Tennessee,1462.56,4,0.1,275.89
ORD-0016,2024-04-03,Bob Smith,Home Office,Stapler,Office Supplies,West,San Francisco,California,682.79,10,0.3,67.89
ORD-0017,2024-01-28,Iris Davis,Consumer,Paper,Office Supplies,East,New York,New York,667.55,9,0.05,102.35
ORD-0018,2024-08-26,Grace Lee,Corporate,Envelopes,Office Supplies,South,Nashville,Tennessee,820.05,2,0,257.16
ORD-0019,2024-07-24,Henry Clark,Consumer,Paper,Office Supplies,West,Los Angeles,California,685.21,14,0,102.41
ORD-0020,2024-04-28,Iris Davis,Consumer,Desk,Furniture,Central,Minneapolis,Minnesota,1847.3,8,0.3,115.3
ORD-0021,2024-08-16,Olivia Hall,Corporate,Phone,Technology,East,Miami,Florida,435.36,7,0,-12.92
ORD-0022,2024-04-10,Alice Johnson,Home Office,Table,Furniture,South,Nashville,Tennessee,443.22,1,0.3,23.08
ORD-0023,2024-09-03,Bob Smith,Home Office,Cabinet,Furniture,East,New York,New York,1704.17,2,0,545.48
ORD-0024,2024-02-14,Karen Moore,Home Office,Printer,Technology,West,Denver,Colorado,1318.17,10,0.3,162.9
ORD-0025,2024-03-22,Alice Johnson,Corporate,Desk,Furniture,Central,Minneapolis,Minnesota,1294.55,8,0.15,463.92
ORD-0026,2024-09-07,Frank Wilson,Corporate,Envelopes,Office Supplies,West,Los Angeles,California,1016.71,3,0.15,347.71
ORD-0027,2024-11-17,Olivia Hall,Consumer,Monitor,Technology,Central,Detroit,Michigan,25.57,14,0.3,3.04
ORD-0028,2024-03-09,Eva Martinez,Home Office,Chair,Furniture,West,Denver,Colorado,570.69,4,0.15,63.76
ORD-0029,2024-11-14,Carol White,Home Office,Bookcase,Furniture,West,Los Angeles,California,1660.4,1,0,-149.81
ORD-0030,2024-01-04,Jack Thompson,Home Office,Cabinet,Furniture,South,Orlando,Florida,159.74,15,0,42.85
ORD-0031,2024-05-12,David Brown,Home Office,Monitor,Technology,East,New York,New York,1798.97,13,0,736.8
ORD-0032,2024-12-05,Olivia Hall,Corporate,Tablet,Technology,South,Orlando,Florida,1852.27,4,0,815.89
ORD-0033,2024-11-28,Grace Lee,Consumer,Phone,Technology,Central,Minneapolis,Minnesota,1472.76,4,0.1,150.68
ORD-0034,2024-06-10,Grace Lee,Corporate,Desk,Furniture,East,Miami,Florida,1642.87,14,0.05,217.21
ORD-0035,2024-11-17,Eva Martinez,Consumer,Chair,Furniture,Central,Houston,Texas,805.36,14,0.3,-46.37
ORD-0036,2024-10-14,Bob Smith,Corporate,Binder,Office Supplies,West,Los Angeles,California,697.92,13,0.15,133.21
ORD-0037,2024-12-14,Leo Garcia,Home Office,Pens,Office Supplies,Central,Chicago,Illinois,13.37,15,0.3,3.04
ORD-0038,2024-11-11,Eva Martinez,Home Office,Tablet,Technology,South,Austin,Texas,1250.08,11,0,422.4
ORD-0039,2024-09-05,Jack Thompson,Home Office,Bookcase,Furniture,South,Charlotte,North Carolina,391.76,11,0.2,100.58
ORD-0040,2024-05-07,David Brown,Home Office,Table,Furniture,West,Seattle,Washington,865.48,10,0.15,173.61
ORD-0041,2024-05-17,David Brown,Home Office,Sofa,Furniture,East,New York,New York,1331.07,10,0.15,98.83
ORD-0042,2024-01-02,Jack Thompson,Consumer,Desk,Furniture,East,Boston,Massachusetts,497.24,8,0,115.44
ORD-0043,2024-07-08,Olivia Hall,Consumer,Markers,Office Supplies,South,Tampa,Florida,303.67,12,0,123.61
ORD-0044,2024-08-02,Karen Moore,Home Office,Desk,Furniture,East,Atlanta,Georgia,1119.24,15,0,260.32
ORD-0045,2024-10-27,Olivia Hall,Consumer,Envelopes,Office Supplies,Central,Minneapolis,Minnesota,1441.36,9,0.2,440.74
ORD-0046,2024-04-27,Henry Clark,Consumer,Stapler,Office Supplies,South,Charlotte,North Carolina,1278.95,13,0.3,218.3
ORD-0047,2024-06-11,Carol White,Home Office,Binder,Office Supplies,East,Philadelphia,Pennsylvania,1787.12,2,0,197.18
ORD-0048,2024-06-18,Mia Robinson,Home Office,Laptop,Technology,South,Tampa,Florida,937.19,1,0.05,341.14
ORD-0049,2024-01-12,Mia Robinson,Home Office,Paper,Office Supplies,South,Tampa,Florida,604.24,7,0.2,128.24
ORD-0050,2024-07-16,Olivia Hall,Consumer,Monitor,Technology,East,Philadelphia,Pennsylvania,67.76,6,0.2,18.41
ORD-0051,2024-10-19,Alice Johnson,Corporate,Envelopes,Office Supplies,West,Portland,Oregon,1329.37,2,0.2,110.9
ORD-0052,2024-06-11,Eva Martinez,Consumer,Bookcase,Furniture,East,Miami,Florida,1524.85,7,0.1,481.43
ORD-0053,2024-04-21,David Brown,Consumer,Chair,Furniture,West,Seattle,Washington,146.55,11,0,51.54
ORD-0054,2024-08-22,Carol White,Home Office,Pens,Office Supplies,East,Boston,Massachusetts,237.63,4,0.25,58.78
ORD-0055,2024-05-04,Grace Lee,Corporate,Markers,Office Supplies,West,San Francisco,California,1161.58,15,0.1,293.05
ORD-0056,2024-12-27,Bob Smith,Home Office,Pens,Office Supplies,West,Denver,Colorado,1258.21,2,0.1,441.76
ORD-0057,2024-02-17,Karen Moore,Corporate,Tablet,Technology,South,Charlotte,North Carolina,1298.61,1,0.2,-190.66
ORD-0058,2024-12-17,Noah Lewis,Home Office,Pens,Office Supplies,South,Nashville,Tennessee,1931.29,5,0.3,486.49
ORD-0059,2024-02-09,Frank Wilson,Consumer,Binder,Office Supplies,Central,Dallas,Texas,1764.45,4,0.25,367.81
ORD-0060,2024-04-12,Eva Martinez,Home Office,Bookcase,Furniture,East,Miami,Florida,1597.69,6,0.1,578.23
ORD-0061,2024-04-24,Henry Clark,Corporate,Printer,Technology,East,New York,New York,818.79,9,0.05,253.77
ORD-0062,2024-07-23,Grace Lee,Home Office,Laptop,Technology,Central,Dallas,Texas,494.18,11,0.15,100.52
ORD-0063,2024-05-10,Mia Robinson,Home Office,Binder,Office Supplies,Central,Minneapolis,Minnesota,510.29,2,0.05,85.43
ORD-0064,2024-05-24,Noah Lewis,Consumer,Phone,Technology,East,Miami,Florida,1183.28,13,0.3,239.14
ORD-0065,2024-05-01,Carol White,Home Office,Desk,Furniture,Central,Dallas,Texas,1418.96,3,0.1,-18.89
ORD-0066,2024-05-16,Noah Lewis,Corporate,Chair,Furniture,West,Denver,Colorado,962.64,6,0,419.9
ORD-0067,2024-02-19,Eva Martinez,Consumer,Laptop,Technology,South,Tampa,Florida,1262.6,1,0,138.48
ORD-0068,2024-10-26,Eva Martinez,Home Office,Laptop,Technology,South,Orlando,Florida,1240.65,13,0.3,175.56
ORD-0069,2024-12-04,Iris Davis,Consumer,Bookcase,Furniture,West,Denver,Colorado,1895.7,4,0.05,-55.0
ORD-0070,2024-12-20,Noah Lewis,Corporate,Laptop,Technology,South,Tampa,Florida,945.13,1,0.05,148.37
ORD-0071,2024-11-19,Karen Moore,Consumer,Keyboard,Technology,East,Philadelphia,Pennsylvania,1325.75,15,0.05,277.15
ORD-0072,2024-03-26,Eva Martinez,Home Office,Desk,Furniture,West,Los Angeles,California,622.15,12,0.1,126.36
ORD-0073,2024-02-20,Karen Moore,Home Office,Bookcase,Furniture,South,Tampa,Florida,89.32,7,0.15,-4.24
ORD-0074,2024-01-25,Carol White,Home Office,Paper,Office Supplies,Central,Detroit,Michigan,1514.97,8,0.3,329.39
ORD-0075,2024-08-12,Leo Garcia,Corporate,Sofa,Furniture,South,Austin,Texas,822.61,6,0,323.36
ORD-0076,2024-01-15,Noah Lewis,Home Office,Sofa,Furniture,South,Orlando,Florida,185.24,5,0.15,15.17
ORD-0077,2024-01-07,David Brown,Corporate,Keyboard,Technology,South,Tampa,Florida,1041.69,10,0.25,234.51
ORD-0078,2024-12-16,Alice Johnson,Home Office,Pens,Office Supplies,Central,Minneapolis,Minnesota,251.64,11,0.05,79.82
ORD-0079,2024-08-04,Leo Garcia,Corporate,Chair,Furniture,East,New York,New York,1298.94,3,0.25,412.15
ORD-0080,2024-08-18,Mia Robinson,Corporate,Table,Furniture,South,Nashville,Tennessee,297.84,4,0.3,-9.29
ORD-0081,2024-05-24,Henry Clark,Corporate,Cabinet,Furniture,Central,Chicago,Illinois,604.13,10,0.25,179.47
ORD-0082,2024-06-28,Mia Robinson,Corporate,Cabinet,Furniture,South,Tampa,Florida,385.42,12,0.05,102.05
ORD-0083,2024-07-22,Jack Thompson,Corporate,Tablet,Technology,South,Tampa,Florida,1586.86,11,0,-118.49
ORD-0084,2024-08-01,Eva Martinez,Corporate,Monitor,Technology,West,Denver,Colorado,1447.66,7,0,115.71
ORD-0085,2024-06-28,Olivia Hall,Corporate,Markers,Office Supplies,South,Austin,Texas,1351.97,9,0.2,466.87
ORD-0086,2024-11-22,Noah Lewis,Consumer,Paper,Office Supplies,West,San Francisco,California,1842.65,4,0,-145.64
ORD-0087,2024-01-11,Jack Thompson,Home Office,Desk,Furniture,Central,Chicago,Illinois,1594.33,5,0.15,-84.66
ORD-0088,2024-10-28,David Brown,Corporate,Phone,Technology,East,New York,New York,771.26,11,0.05,182.49
ORD-0089,2024-11-01,Henry Clark,Corporate,Binder,Office Supplies,South,Charlotte,North Carolina,1798.83,8,0.1,519.75
ORD-0090,2024-08-28,Frank Wilson,Home Office,Binder,Office Supplies,South,Charlotte,North Carolina,611.22,7,0.25,42.48
ORD-0091,2024-11-13,Noah Lewis,Corporate,Sofa,Furniture,Central,Chicago,Illinois,556.22,10,0,230.41
ORD-0092,2024-11-07,Karen Moore,Consumer,Printer,Technology,Central,Dallas,Texas,1245.57,11,0,375.29
ORD-0093,2024-06-24,David Brown,Consumer,Table,Furniture,West,Denver,Colorado,271.51,15,0.1,44.15
ORD-0094,2024-05-27,Bob Smith,Corporate,Binder,Office Supplies,Central,Dallas,Texas,1888.93,13,0.1,592.67
ORD-0095,2024-09-12,Leo Garcia,Home Office,Phone,Technology,East,Miami,Florida,189.7,7,0,-7.31
ORD-0096,2024-02-22,Karen Moore,Consumer,Cabinet,Furniture,South,Charlotte,North Carolina,475.31,1,0.3,60.29
ORD-0097,2024-02-05,Iris Davis,Consumer,Stapler,Office Supplies,Central,Minneapolis,Minnesota,100.24,1,0.1,-7.84
ORD-0098,2024-07-19,Jack Thompson,Corporate,Table,Furniture,Central,Detroit,Michigan,1487.12,3,0.2,371.15
ORD-0099,2024-08-15,Iris Davis,Home Office,Chair,Furniture,Central,Dallas,Texas,1901.6,14,0.15,145.06
ORD-0100,2024-04-04,Karen Moore,Home Office,Chair,Furniture,South,Charlotte,North Carolina,1898.53,14,0.25,123.41
ORD-0101,2024-03-26,Noah Lewis,Consumer,Laptop,Technology,Central,Dallas,Texas,1133.51,2,0.3,105.42
ORD-0102,2024-03-05,Carol White,Consumer,Desk,Furniture,West,Seattle,Washington,1085.03,13,0,101.96
ORD-0103,2024-03-09,Henry Clark,Corporate,Desk,Furniture,Central,Chicago,Illinois,114.27,12,0.2,23.81
ORD-0104,2024-09-08,Alice Johnson,Consumer,Cabinet,Furniture,West,Portland,Oregon,1891.38,1,0.3,225.94
ORD-0105,2024-08-23,Jack Thompson,Home Office,Table,Furniture,South,Austin,Texas,1820.3,2,0,-48.99
ORD-0106,2024-10-17,Noah Lewis,Home Office,Envelopes,Office Supplies,Central,Minneapolis,Minnesota,596.85,9,0.2,42.82
ORD-0107,2024-08-08,Frank Wilson,Corporate,Envelopes,Office Supplies,East,Miami,Florida,833.49,14,0.25,130.96
ORD-0108,2024-03-22,Leo Garcia,Corporate,Sofa,Furniture,Central,Houston,Texas,1846.74,2,0,-97.98
ORD-0109,2024-09-18,Mia Robinson,Corporate,Printer,Technology,West,Denver,Colorado,666.0,2,0.2,102.0
ORD-0110,2024-05-12,Noah Lewis,Consumer,Paper,Office Supplies,Central,Detroit,Michigan,216.17,9,0.05,22.98
ORD-0111,2024-05-19,Jack Thompson,Home Office,Cabinet,Furniture,Central,Chicago,Illinois,460.06,7,0.3,141.64
ORD-0112,2024-11-27,Olivia Hall,Corporate,Envelopes,Office Supplies,West,Denver,Colorado,1390.01,1,0,221.44
ORD-0113,2024-10-22,Grace Lee,Corporate,Chair,Furniture,East,Boston,Massachusetts,807.56,3,0,70.02
ORD-0114,2024-05-24,Mia Robinson,Home Office,Bookcase,Furniture,East,Philadelphia,Pennsylvania,655.52,10,0,264.4
ORD-0115,2024-08-22,Iris Davis,Consumer,Keyboard,Technology,West,Seattle,Washington,853.79,10,0.25,138.1
ORD-0116,2024-11-22,Jack Thompson,Consumer,Table,Furniture,West,Seattle,Washington,1190.34,9,0.1,73.03
ORD-0117,2024-03-25,Carol White,Consumer,Phone,Technology,Central,Dallas,Texas,518.48,6,0,27.53
ORD-0118,2024-09-27,Grace Lee,Consumer,Cabinet,Furniture,East,Atlanta,Georgia,1339.42,6,0,279.71
ORD-0119,2024-07-19,Frank Wilson,Consumer,Chair,Furniture,Central,Detroit,Michigan,814.8,11,0.2,108.08
ORD-0120,2024-07-28,Eva Martinez,Home Office,Stapler,Office Supplies,Central,Chicago,Illinois,220.67,7,0.2,45.83
ORD-0121,2024-02-17,Frank Wilson,Home Office,Desk,Furniture,Central,Dallas,Texas,1270.12,9,0.3,113.41
ORD-0122,2024-03-09,Carol White,Home Office,Pens,Office Supplies,East,New York,New York,402.57,10,0,142.54
ORD-0123,2024-11-21,Eva Martinez,Corporate,Table,Furniture,South,Orlando,Florida,1973.2,6,0.15,-51.26
ORD-0124,2024-02-10,Karen Moore,Consumer,Paper,Office Supplies,Central,Detroit,Michigan,928.87,1,0,183.45
ORD-0125,2024-10-18,Karen Moore,Consumer,Envelopes,Office Supplies,South,Tampa,Florida,1908.92,12,0,438.85
ORD-0126,2024-03-02,Alice Johnson,Consumer,Cabinet,Furniture,South,Orlando,Florida,906.54,13,0.15,-122.35
ORD-0127,2024-09-20,Karen Moore,Home Office,Stapler,Office Supplies,South,Orlando,Florida,325.9,6,0.1,60.12
ORD-0128,2024-06-04,Olivia Hall,Home Office,Keyboard,Technology,Central,Chicago,Illinois,1120.35,7,0.1,152.05
ORD-0129,2024-11-05,Bob Smith,Corporate,Tablet,Technology,West,Denver,Colorado,1834.33,5,0.2,149.07
ORD-0130,2024-11-23,Iris Davis,Corporate,Stapler,Office Supplies,Central,Dallas,Texas,1659.63,12,0.3,101.51
ORD-0131,2024-04-11,Noah Lewis,Consumer,Tablet,Technology,Central,Dallas,Texas,1895.86,8,0.05,-33.14
ORD-0132,2024-10-05,Jack Thompson,Consumer,Envelopes,Office Supplies,West,Seattle,Washington,1198.52,3,0,146.63
ORD-0133,2024-06-22,David Brown,Home Office,Stapler,Office Supplies,West,Portland,Oregon,1441.98,8,0.1,455.46
ORD-0134,2024-06-22,Iris Davis,Home Office,Tablet,Technology,South,Nashville,Tennessee,1894.79,8,0.25,508.43
ORD-0135,2024-03-28,Bob Smith,Home Office,Desk,Furniture,East,Atlanta,Georgia,507.51,11,0.25,152.12
ORD-0136,2024-03-09,Noah Lewis,Corporate,Paper,Office Supplies,Central,Chicago,Illinois,904.15,9,0,-160.5
ORD-0137,2024-07-17,Noah Lewis,Home Office,Chair,Furniture,South,Austin,Texas,754.18,7,0,-71.23
ORD-0138,2024-01-10,Jack Thompson,Consumer,Binder,Office Supplies,East,Boston,Massachusetts,1835.62,8,0,648.96
ORD-0139,2024-03-18,David Brown,Corporate,Laptop,Technology,Central,Dallas,Texas,1881.05,10,0.3,288.76
ORD-0140,2024-11-26,Iris Davis,Consumer,Laptop,Technology,East,Miami,Florida,1249.39,2,0,480.61
ORD-0141,2024-05-14,Karen Moore,Consumer,Envelopes,Office Supplies,East,Boston,Massachusetts,13.11,6,0.05,3.47
ORD-0142,2024-09-17,Alice Johnson,Home Office,Binder,Office Supplies,West,Denver,Colorado,1574.96,9,0.3,64.09
ORD-0143,2024-06-26,Frank Wilson,Consumer,Bookcase,Furniture,Central,Chicago,Illinois,144.44,4,0,51.8
ORD-0144,2024-11-15,Henry Clark,Consumer,Tablet,Technology,Central,Dallas,Texas,1961.83,8,0,-301.66
ORD-0145,2024-01-11,Eva Martinez,Consumer,Desk,Furniture,West,San Francisco,California,1867.41,9,0.2,665.77
ORD-0146,2024-01-28,Grace Lee,Home Office,Pens,Office Supplies,Central,Houston,Texas,1314.91,5,0,486.17
ORD-0147,2024-08-23,Grace Lee,Home Office,Table,Furniture,Central,Dallas,Texas,1000.07,15,0.3,-29.59
ORD-0148,2024-02-03,Carol White,Home Office,Printer,Technology,Central,Houston,Texas,662.56,5,0.1,136.18
ORD-0149,2024-12-28,Alice Johnson,Consumer,Bookcase,Furniture,South,Austin,Texas,1824.1,10,0.2,233.23
ORD-0150,2024-09-26,Mia Robinson,Corporate,Markers,Office Supplies,South,Charlotte,North Carolina,1502.3,3,0,160.91
ORD-0151,2024-11-12,Frank Wilson,Corporate,Phone,Technology,West,San Francisco,California,730.68,10,0,213.39
ORD-0152,2024-06-13,Iris Davis,Corporate,Chair,Furniture,East,Atlanta,Georgia,635.63,5,0.05,-45.73
ORD-0153,2024-12-15,David Brown,Consumer,Paper,Office Supplies,Central,Houston,Texas,437.0,10,0.1,128.84
ORD-0154,2024-12-15,Iris Davis,Home Office,Laptop,Technology,South,Nashville,Tennessee,1994.55,13,0.15,537.66
ORD-0155,2024-06-17,Frank Wilson,Home Office,Bookcase,Furniture,East,Boston,Massachusetts,456.24,4,0,66.02
ORD-0156,2024-03-20,Henry Clark,Home Office,Binder,Office Supplies,South,Orlando,Florida,1769.65,2,0.1,333.29
ORD-0157,2024-06-21,Mia Robinson,Home Office,Table,Furniture,West,San Francisco,California,157.59,8,0.3,20.72
ORD-0158,2024-07-17,Carol White,Corporate,Envelopes,Office Supplies,East,Boston,Massachusetts,1822.32,1,0,468.78
ORD-0159,2024-05-28,Jack Thompson,Home Office,Pens,Office Supplies,Central,Detroit,Michigan,166.93,4,0.3,18.67
ORD-0160,2024-10-05,Noah Lewis,Consumer,Printer,Technology,East,Atlanta,Georgia,350.69,10,0.15,115.36
ORD-0161,2024-10-14,Karen Moore,Corporate,Laptop,Technology,Central,Dallas,Texas,1240.04,1,0.25,377.22
ORD-0162,2024-08-03,Frank Wilson,Home Office,Desk,Furniture,South,Charlotte,North Carolina,1380.34,3,0.25,223.87
ORD-0163,2024-07-05,Bob Smith,Corporate,Tablet,Technology,Central,Houston,Texas,1523.72,9,0.3,98.63
ORD-0164,2024-01-10,Carol White,Corporate,Desk,Furniture,East,New York,New York,1891.32,14,0.2,225.91
ORD-0165,2024-03-16,Bob Smith,Corporate,Markers,Office Supplies,Central,Dallas,Texas,1991.98,8,0.25,600.03
ORD-0166,2024-10-12,Karen Moore,Corporate,Stapler,Office Supplies,East,Boston,Massachusetts,106.83,5,0.25,23.16
ORD-0167,2024-07-05,Grace Lee,Consumer,Cabinet,Furniture,West,Los Angeles,California,1766.09,12,0.15,533.73
ORD-0168,2024-09-10,Jack Thompson,Home Office,Envelopes,Office Supplies,East,Philadelphia,Pennsylvania,156.33,9,0.25,41.71
ORD-0169,2024-07-12,David Brown,Home Office,Paper,Office Supplies,East,New York,New York,1591.85,6,0.3,474.22
ORD-0170,2024-01-05,Carol White,Corporate,Stapler,Office Supplies,West,Los Angeles,California,1430.05,13,0.25,-126.4
ORD-0171,2024-10-24,Henry Clark,Home Office,Binder,Office Supplies,East,Miami,Florida,1686.78,10,0.15,362.64
ORD-0172,2024-06-11,Leo Garcia,Home Office,Binder,Office Supplies,South,Austin,Texas,1350.87,7,0.1,448.26
ORD-0173,2024-11-26,Carol White,Home Office,Printer,Technology,South,Charlotte,North Carolina,1944.39,10,0.05,625.38
ORD-0174,2024-11-08,Grace Lee,Consumer,Markers,Office Supplies,South,Nashville,Tennessee,72.83,12,0,9.2
ORD-0175,2024-09-25,Iris Davis,Corporate,Sofa,Furniture,East,Miami,Florida,1226.84,8,0,407.69
ORD-0176,2024-03-15,Leo Garcia,Home Office,Stapler,Office Supplies,South,Charlotte,North Carolina,1825.13,6,0.3,244.93
ORD-0177,2024-08-07,Eva Martinez,Corporate,Markers,Office Supplies,Central,Detroit,Michigan,1915.1,5,0.3,227.09
ORD-0178,2024-08-12,Iris Davis,Corporate,Pens,Office Supplies,South,Charlotte,North Carolina,1125.37,15,0.1,167.23
ORD-0179,2024-01-10,Leo Garcia,Corporate,Bookcase,Furniture,East,Philadelphia,Pennsylvania,1911.07,2,0.15,681.61
ORD-0180,2024-12-09,Iris Davis,Consumer,Phone,Technology,Central,Detroit,Michigan,283.17,10,0.05,39.54
ORD-0181,2024-07-11,Olivia Hall,Consumer,Pens,Office Supplies,West,Los Angeles,California,1437.54,2,0,74.86
ORD-0182,2024-11-07,Karen Moore,Home Office,Sofa,Furniture,South,Tampa,Florida,1514.26,5,0.15,-86.1
ORD-0183,2024-07-27,Henry Clark,Consumer,Printer,Technology,West,San Francisco,California,359.82,15,0,161.51
ORD-0184,2024-05-19,Iris Davis,Home Office,Binder,Office Supplies,West,Los Angeles,California,1209.54,15,0.15,168.43
ORD-0185,2024-04-26,Alice Johnson,Home Office,Desk,Furniture,South,Charlotte,North Carolina,234.17,3,0.25,54.32
ORD-0186,2024-10-28,Carol White,Consumer,Bookcase,Furniture,East,Boston,Massachusetts,1281.06,7,0.2,-96.51
ORD-0187,2024-05-13,Leo Garcia,Home Office,Bookcase,Furniture,East,New York,New York,478.69,13,0.1,185.95
ORD-0188,2024-01-22,Olivia Hall,Home Office,Tablet,Technology,Central,Dallas,Texas,245.27,5,0,52.04
ORD-0189,2024-06-20,Jack Thompson,Corporate,Sofa,Furniture,West,Seattle,Washington,449.49,3,0.25,37.51
ORD-0190,2024-11-27,Frank Wilson,Consumer,Sofa,Furniture,South,Orlando,Florida,444.64,4,0,115.7
ORD-0191,2024-09-07,Bob Smith,Home Office,Paper,Office Supplies,West,Denver,Colorado,1149.68,3,0,208.38
ORD-0192,2024-09-15,Alice Johnson,Home Office,Keyboard,Technology,South,Austin,Texas,1619.3,8,0,413.41
ORD-0193,2024-07-09,Bob Smith,Home Office,Sofa,Furniture,Central,Chicago,Illinois,1634.74,12,0.05,-103.9
ORD-0194,2024-05-14,Henry Clark,Corporate,Laptop,Technology,South,Austin,Texas,368.16,3,0.2,58.84
ORD-0195,2024-02-06,Noah Lewis,Consumer,Chair,Furniture,East,Philadelphia,Pennsylvania,1985.77,7,0.3,140.31
ORD-0196,2024-07-18,David Brown,Home Office,Tablet,Technology,South,Orlando,Florida,764.76,4,0.05,170.19
ORD-0197,2024-01-08,Noah Lewis,Consumer,Laptop,Technology,South,Orlando,Florida,420.1,2,0,96.02
ORD-0198,2024-08-08,David Brown,Home Office,Keyboard,Technology,West,Portland,Oregon,1084.12,13,0,114.98
ORD-0199,2024-05-05,Iris Davis,Home Office,Binder,Office Supplies,Central,Dallas,Texas,1971.53,9,0.05,403.48
ORD-0200,2024-08-02,Grace Lee,Corporate,Pens,Office Supplies,South,Orlando,Florida,1944.86,11,0.2,566.84
ORD-0201,2024-09-16,Alice Johnson,Home Office,Tablet,Technology,South,Nashville,Tennessee,489.53,4,0.1,-49.38
ORD-0202,2024-04-09,Bob Smith,Home Office,Table,Furniture,East,Miami,Florida,414.64,11,0,173.69
ORD-0203,2024-07-22,Leo Garcia,Home Office,Pens,Office Supplies,West,Seattle,Washington,1213.89,1,0,152.06
ORD-0204,2024-06-10,Bob Smith,Home Office,Pens,Office Supplies,South,Nashville,Tennessee,1914.47,1,0.05,772.72
ORD-0205,2024-04-18,Eva Martinez,Corporate,Desk,Furniture,East,Miami,Florida,650.01,5,0.2,122.98
ORD-0206,2024-02-26,Grace Lee,Consumer,Cabinet,Furniture,South,Tampa,Florida,1962.82,8,0.15,693.61
ORD-0207,2024-05-18,David Brown,Corporate,Pens,Office Supplies,East,New York,New York,1870.17,10,0.2,251.47
ORD-0208,2024-11-22,Henry Clark,Corporate,Pens,Office Supplies,South,Orlando,Florida,681.75,13,0.25,223.24
ORD-0209,2024-03-24,Iris Davis,Consumer,Keyboard,Technology,Central,Dallas,Texas,1097.63,3,0.3,342.78
ORD-0210,2024-07-05,Frank Wilson,Consumer,Keyboard,Technology,West,Los Angeles,California,1686.66,4,0,-169.72
ORD-0211,2024-01-01,Iris Davis,Corporate,Markers,Office Supplies,South,Tampa,Florida,1069.1,7,0,60.61
ORD-0212,2024-02-04,Frank Wilson,Corporate,Printer,Technology,South,Nashville,Tennessee,1053.53,4,0.05,298.17
ORD-0213,2024-08-19,Bob Smith,Home Office,Chair,Furniture,Central,Minneapolis,Minnesota,493.98,12,0.05,79.77
ORD-0214,2024-07-13,Karen Moore,Corporate,Paper,Office Supplies,West,Portland,Oregon,1109.88,1,0,-161.02
ORD-0215,2024-04-28,Karen Moore,Corporate,Paper,Office Supplies,West,San Francisco,California,1387.65,10,0.25,164.89
ORD-0216,2024-06-01,Grace Lee,Consumer,Envelopes,Office Supplies,West,San Francisco,California,1923.32,10,0,674.9
ORD-0217,2024-07-22,Leo Garcia,Consumer,Desk,Furniture,East,Atlanta,Georgia,1794.09,6,0.2,-250.45
ORD-0218,2024-02-14,Jack Thompson,Corporate,Markers,Office Supplies,Central,Chicago,Illinois,471.97,2,0.15,117.17
ORD-0219,2024-08-08,Grace Lee,Consumer,Chair,Furniture,Central,Minneapolis,Minnesota,718.06,7,0.2,71.4
ORD-0220,2024-02-09,Bob Smith,Consumer,Binder,Office Supplies,East,New York,New York,316.9,12,0,109.6
ORD-0221,2024-05-04,Grace Lee,Consumer,Tablet,Technology,South,Charlotte,North Carolina,273.69,3,0.2,50.26
ORD-0222,2024-02-20,Mia Robinson,Consumer,Laptop,Technology,Central,Detroit,Michigan,1200.11,6,0.2,52.74
ORD-0223,2024-09-06,Carol White,Consumer,Envelopes,Office Supplies,East,Atlanta,Georgia,1373.78,3,0,216.46
ORD-0224,2024-05-16,Henry Clark,Home Office,Monitor,Technology,Central,Minneapolis,Minnesota,1567.51,6,0.1,603.37
ORD-0225,2024-03-10,Noah Lewis,Corporate,Pens,Office Supplies,South,Austin,Texas,23.47,7,0.15,7.71
ORD-0226,2024-03-10,Grace Lee,Corporate,Bookcase,Furniture,South,Orlando,Florida,648.12,12,0.05,148.76
ORD-0227,2024-04-11,David Brown,Home Office,Sofa,Furniture,South,Orlando,Florida,758.35,14,0.2,118.91
ORD-0228,2024-12-07,Grace Lee,Home Office,Pens,Office Supplies,West,Portland,Oregon,882.53,5,0,333.23
ORD-0229,2024-05-22,Henry Clark,Home Office,Desk,Furniture,Central,Dallas,Texas,316.75,7,0.2,20.17
ORD-0230,2024-01-26,Bob Smith,Consumer,Cabinet,Furniture,South,Orlando,Florida,1937.17,12,0.3,389.89
ORD-0231,2024-11-20,Mia Robinson,Corporate,Markers,Office Supplies,Central,Dallas,Texas,98.15,11,0.2,34.29
ORD-0232,2024-04-17,Mia Robinson,Home Office,Laptop,Technology,West,Seattle,Washington,1496.24,9,0.05,324.53
ORD-0233,2024-01-16,Carol White,Corporate,Markers,Office Supplies,East,Philadelphia,Pennsylvania,218.05,7,0,21.03
ORD-0234,2024-09-16,Bob Smith,Corporate,Bookcase,Furniture,South,Nashville,Tennessee,703.12,2,0.25,178.66
ORD-0235,2024-06-21,Iris Davis,Consumer,Keyboard,Technology,West,Los Angeles,California,227.63,13,0,96.05
ORD-0236,2024-07-15,Grace Lee,Consumer,Pens,Office Supplies,Central,Detroit,Michigan,471.39,7,0,58.71
ORD-0237,2024-10-14,Mia Robinson,Consumer,Envelopes,Office Supplies,East,Miami,Florida,783.78,12,0.05,98.52
ORD-0238,2024-06-07,Jack Thompson,Corporate,Paper,Office Supplies,East,Philadelphia,Pennsylvania,920.53,5,0.25,180.25
ORD-0239,2024-06-28,Karen Moore,Consumer,Stapler,Office Supplies,West,Seattle,Washington,921.14,3,0.1,346.1
ORD-0240,2024-02-06,Jack Thompson,Corporate,Chair,Furniture,East,Philadelphia,Pennsylvania,752.88,3,0.3,108.24
ORD-0241,2024-12-21,Carol White,Corporate,Desk,Furniture,South,Orlando,Florida,1862.08,3,0.3,152.17
ORD-0242,2024-01-16,Henry Clark,Corporate,Cabinet,Furniture,West,Seattle,Washington,281.7,14,0.2,98.15
ORD-0243,2024-08-06,Iris Davis,Corporate,Stapler,Office Supplies,South,Tampa,Florida,174.51,1,0.05,27.66
ORD-0244,2024-09-04,Noah Lewis,Consumer,Monitor,Technology,South,Orlando,Florida,1149.7,5,0.3,305.27
ORD-0245,2024-02-24,Henry Clark,Corporate,Stapler,Office Supplies,East,Miami,Florida,1661.84,13,0.05,266.94
ORD-0246,2024-04-07,Grace Lee,Consumer,Chair,Furniture,South,Austin,Texas,1623.3,10,0.15,544.22
ORD-0247,2024-01-19,Eva Martinez,Corporate,Pens,Office Supplies,East,Boston,Massachusetts,708.12,5,0.3,58.17
ORD-0248,2024-07-02,Frank Wilson,Consumer,Binder,Office Supplies,West,San Francisco,California,1985.05,14,0,-104.01
ORD-0249,2024-10-21,Olivia Hall,Consumer,Stapler,Office Supplies,South,Nashville,Tennessee,544.75,7,0.2,100.58
ORD-0250,2024-08-16,Karen Moore,Home Office,Cabinet,Furniture,Central,Houston,Texas,661.31,1,0,226.41
ORD-0251,2024-07-27,Jack Thompson,Consumer,Chair,Furniture,South,Nashville,Tennessee,431.58,5,0.15,139.89
ORD-0252,2024-01-04,Carol White,Corporate,Stapler,Office Supplies,Central,Chicago,Illinois,1256.1,14,0.25,53.24
ORD-0253,2024-12-05,Bob Smith,Home Office,Chair,Furniture,South,Nashville,Tennessee,1765.47,5,0,705.78
ORD-0254,2024-11-21,Grace Lee,Home Office,Bookcase,Furniture,West,Seattle,Washington,339.39,7,0.1,103.97
ORD-0255,2024-04-16,Alice Johnson,Home Office,Keyboard,Technology,West,Los Angeles,California,165.1,10,0.05,40.43
ORD-0256,2024-08-03,Eva Martinez,Consumer,Chair,Furniture,South,Nashville,Tennessee,465.6,2,0,42.5
ORD-0257,2024-09-19,Karen Moore,Home Office,Desk,Furniture,East,New York,New York,26.86,11,0,6.07
ORD-0258,2024-02-04,Mia Robinson,Consumer,Monitor,Technology,South,Nashville,Tennessee,288.63,2,0.2,44.01
ORD-0259,2024-09-20,Noah Lewis,Home Office,Tablet,Technology,West,San Francisco,California,1204.02,10,0.1,391.82
ORD-0260,2024-05-21,Jack Thompson,Consumer,Desk,Furniture,East,Miami,Florida,118.59,15,0.05,-8.37
ORD-0261,2024-03-13,Mia Robinson,Corporate,Paper,Office Supplies,Central,Houston,Texas,1723.02,10,0.2,270.4
ORD-0262,2024-05-07,Iris Davis,Corporate,Laptop,Technology,West,Los Angeles,California,89.26,1,0.2,18.04
ORD-0263,2024-11-18,Mia Robinson,Consumer,Sofa,Furniture,South,Austin,Texas,1079.93,3,0.1,-37.98
ORD-0264,2024-11-25,Noah Lewis,Consumer,Binder,Office Supplies,South,Orlando,Florida,1670.71,11,0,290.82
ORD-0265,2024-02-15,Carol White,Consumer,Phone,Technology,West,Portland,Oregon,1228.47,1,0.1,349.85
ORD-0266,2024-03-16,Carol White,Corporate,Keyboard,Technology,East,New York,New York,1906.5,9,0.3,484.7
ORD-0267,2024-01-11,Jack Thompson,Home Office,Keyboard,Technology,Central,Chicago,Illinois,1616.14,5,0.3,85.47
ORD-0268,2024-06-02,Bob Smith,Home Office,Monitor,Technology,South,Orlando,Florida,1004.22,10,0,197.91
ORD-0269,2024-12-17,Grace Lee,Consumer,Markers,Office Supplies,West,San Francisco,California,15.11,14,0,2.23
ORD-0270,2024-06-08,Iris Davis,Home Office,Laptop,Technology,South,Nashville,Tennessee,838.35,12,0.15,-28.14
ORD-0271,2024-01-13,Bob Smith,Home Office,Phone,Technology,East,Atlanta,Georgia,147.16,8,0.1,47.6
ORD-0272,2024-05-19,Henry Clark,Consumer,Chair,Furniture,Central,Dallas,Texas,1571.17,12,0.05,351.62
ORD-0273,2024-01-14,Alice Johnson,Corporate,Envelopes,Office Supplies,East,Boston,Massachusetts,57.58,9,0.15,14.9
ORD-0274,2024-02-07,Leo Garcia,Corporate,Keyboard,Technology,South,Charlotte,North Carolina,1064.33,4,0.2,-104.82
ORD-0275,2024-07-23,Karen Moore,Corporate,Laptop,Technology,East,Atlanta,Georgia,1792.2,8,0,505.95
ORD-0276,2024-11-05,Noah Lewis,Home Office,Printer,Technology,West,Portland,Oregon,481.18,5,0.15,171.95
ORD-0277,2024-04-03,Henry Clark,Corporate,Bookcase,Furniture,South,Charlotte,North Carolina,1887.67,3,0,211.73
ORD-0278,2024-08-10,Eva Martinez,Home Office,Chair,Furniture,Central,Dallas,Texas,932.06,14,0,80.31
ORD-0279,2024-06-05,Noah Lewis,Consumer,Envelopes,Office Supplies,West,San Francisco,California,191.51,4,0.15,-7.45
ORD-0280,2024-12-18,Noah Lewis,Consumer,Monitor,Technology,South,Orlando,Florida,507.21,8,0,-19.75
ORD-0281,2024-11-21,David Brown,Home Office,Phone,Technology,South,Charlotte,North Carolina,1875.77,2,0.1,-351.17
ORD-0282,2024-02-02,Leo Garcia,Corporate,Desk,Furniture,West,Seattle,Washington,1885.14,1,0,791.1
ORD-0283,2024-03-12,Alice Johnson,Home Office,Chair,Furniture,South,Tampa,Florida,437.29,3,0.1,63.73
ORD-0284,2024-08-14,Grace Lee,Consumer,Envelopes,Office Supplies,East,Philadelphia,Pennsylvania,1766.73,8,0,150.33
ORD-0285,2024-01-13,Olivia Hall,Home Office,Envelopes,Office Supplies,East,Atlanta,Georgia,1566.01,6,0.25,314.54
ORD-0286,2024-03-01,Alice Johnson,Corporate,Binder,Office Supplies,South,Charlotte,North Carolina,644.57,4,0,263.18
ORD-0287,2024-02-08,Alice Johnson,Consumer,Binder,Office Supplies,East,Boston,Massachusetts,1317.16,5,0.3,347.15
ORD-0288,2024-03-08,Jack Thompson,Home Office,Stapler,Office Supplies,Central,Dallas,Texas,1189.11,13,0.15,-159.72
ORD-0289,2024-09-10,Alice Johnson,Home Office,Printer,Technology,East,Miami,Florida,359.36,1,0,26.04
ORD-0290,2024-04-26,Frank Wilson,Consumer,Chair,Furniture,Central,Detroit,Michigan,269.67,12,0,112.59
ORD-0291,2024-09-28,Jack Thompson,Consumer,Phone,Technology,East,New York,New York,736.13,2,0.15,207.62
ORD-0292,2024-03-24,Iris Davis,Home Office,Bookcase,Furniture,Central,Dallas,Texas,1897.9,13,0.25,440.8
ORD-0293,2024-03-13,Leo Garcia,Home Office,Binder,Office Supplies,East,Atlanta,Georgia,620.58,12,0.1,56.38
ORD-0294,2024-10-11,Frank Wilson,Home Office,Cabinet,Furniture,West,San Francisco,California,1842.87,10,0.05,-159.82
ORD-0295,2024-03-21,David Brown,Home Office,Phone,Technology,Central,Houston,Texas,1771.79,2,0.15,344.35
ORD-0296,2024-12-01,Henry Clark,Corporate,Tablet,Technology,Central,Chicago,Illinois,105.81,8,0.2,37.05
ORD-0297,2024-08-26,Eva Martinez,Consumer,Cabinet,Furniture,South,Austin,Texas,1729.46,11,0.05,-82.86
ORD-0298,2024-06-06,Bob Smith,Corporate,Bookcase,Furniture,West,Los Angeles,California,1776.98,3,0,477.69
ORD-0299,2024-07-21,David Brown,Corporate,Envelopes,Office Supplies,South,Austin,Texas,338.34,15,0.2,-5.57
ORD-0300,2024-05-08,Frank Wilson,Consumer,Envelopes,Office Supplies,Central,Houston,Texas,200.87,7,0.3,54.27
ORD-0301,2024-08-07,Henry Clark,Consumer,Chair,Furniture,Central,Detroit,Michigan,203.0,4,0,61.97
ORD-0302,2024-11-09,Frank Wilson,Consumer,Table,Furniture,South,Tampa,Florida,191.36,9,0.2,18.98
ORD-0303,2024-08-09,Bob Smith,Consumer,Chair,Furniture,Central,Minneapolis,Minnesota,460.22,5,0,50.83
ORD-0304,2024-04-18,Noah Lewis,Corporate,Binder,Office Supplies,South,Orlando,Florida,131.36,7,0.3,20.0
ORD-0305,2024-02-13,Mia Robinson,Home Office,Pens,Office Supplies,South,Charlotte,North Carolina,1806.53,12,0,453.15
ORD-0306,2024-08-06,Karen Moore,Corporate,Envelopes,Office Supplies,East,New York,New York,1898.63,3,0.05,-181.4
ORD-0307,2024-05-11,Iris Davis,Corporate,Keyboard,Technology,East,Atlanta,Georgia,1822.5,15,0,154.57
ORD-0308,2024-12-20,Jack Thompson,Consumer,Cabinet,Furniture,South,Austin,Texas,1179.28,13,0.2,-29.28
ORD-0309,2024-09-12,Henry Clark,Consumer,Printer,Technology,West,Seattle,Washington,1757.01,5,0.2,438.43
ORD-0310,2024-10-20,Leo Garcia,Consumer,Tablet,Technology,South,Nashville,Tennessee,1364.82,7,0,284.32
ORD-0311,2024-06-01,Noah Lewis,Home Office,Keyboard,Technology,South,Charlotte,North Carolina,682.35,13,0.1,107.09
ORD-0312,2024-05-24,Karen Moore,Consumer,Paper,Office Supplies,East,Boston,Massachusetts,891.79,14,0.15,119.59
ORD-0313,2024-12-16,Carol White,Consumer,Monitor,Technology,East,Miami,Florida,1521.39,14,0.15,489.35
ORD-0314,2024-09-19,Henry Clark,Consumer,Sofa,Furniture,South,Nashville,Tennessee,67.61,4,0.05,24.71
ORD-0315,2024-06-27,Henry Clark,Home Office,Sofa,Furniture,East,Philadelphia,Pennsylvania,933.79,7,0,301.12
ORD-0316,2024-09-12,Eva Martinez,Consumer,Desk,Furniture,South,Orlando,Florida,695.06,14,0.1,218.68
ORD-0317,2024-04-28,Alice Johnson,Home Office,Chair,Furniture,East,Atlanta,Georgia,450.49,4,0.05,67.46
ORD-0318,2024-10-26,Eva Martinez,Corporate,Monitor,Technology,East,Boston,Massachusetts,26.84,5,0.1,8.09
ORD-0319,2024-04-15,Noah Lewis,Corporate,Bookcase,Furniture,South,Charlotte,North Carolina,611.27,9,0.2,-69.36
ORD-0320,2024-11-04,Eva Martinez,Home Office,Markers,Office Supplies,Central,Houston,Texas,968.66,6,0.1,266.98
ORD-0321,2024-03-17,Jack Thompson,Corporate,Markers,Office Supplies,Central,Dallas,Texas,1533.29,15,0,570.65
ORD-0322,2024-11-16,Jack Thompson,Home Office,Binder,Office Supplies,East,New York,New York,1994.96,5,0.2,338.09
ORD-0323,2024-11-18,Noah Lewis,Home Office,Pens,Office Supplies,Central,Dallas,Texas,1280.24,8,0.15,275.24
ORD-0324,2024-08-05,Karen Moore,Corporate,Pens,Office Supplies,Central,Chicago,Illinois,1484.43,12,0.3,369.05
ORD-0325,2024-04-24,Henry Clark,Consumer,Paper,Office Supplies,East,Philadelphia,Pennsylvania,1744.15,7,0.15,294.54
ORD-0326,2024-04-17,Noah Lewis,Consumer,Chair,Furniture,West,Portland,Oregon,248.43,11,0.2,52.06
ORD-0327,2024-10-15,Karen Moore,Consumer,Phone,Technology,Central,Minneapolis,Minnesota,295.02,14,0,106.67
ORD-0328,2024-08-09,Mia Robinson,Consumer,Sofa,Furniture,West,Los Angeles,California,426.67,13,0,119.69
ORD-0329,2024-07-14,Frank Wilson,Consumer,Printer,Technology,South,Tampa,Florida,1931.0,7,0,125.69
ORD-0330,2024-11-01,Carol White,Consumer,Cabinet,Furniture,East,New York,New York,1257.11,4,0.05,391.01
ORD-0331,2024-02-27,Frank Wilson,Corporate,Cabinet,Furniture,Central,Dallas,Texas,100.98,5,0.25,25.84
ORD-0332,2024-06-25,Carol White,Consumer,Pens,Office Supplies,Central,Minneapolis,Minnesota,384.97,15,0.2,17.75
ORD-0333,2024-06-23,Iris Davis,Home Office,Paper,Office Supplies,East,New York,New York,1304.58,1,0.2,418.11
ORD-0334,2024-11-27,Iris Davis,Corporate,Printer,Technology,West,Los Angeles,California,49.29,12,0,10.68
ORD-0335,2024-12-22,Eva Martinez,Home Office,Sofa,Furniture,East,Boston,Massachusetts,1264.32,5,0.2,318.27
ORD-0336,2024-02-17,David Brown,Corporate,Markers,Office Supplies,East,Miami,Florida,1440.34,2,0.1,-22.24
ORD-0337,2024-05-06,David Brown,Consumer,Pens,Office Supplies,Central,Minneapolis,Minnesota,88.42,8,0.05,27.32
ORD-0338,2024-10-22,Olivia Hall,Corporate,Keyboard,Technology,West,Los Angeles,California,993.27,2,0.3,55.64
ORD-0339,2024-05-15,Frank Wilson,Home Office,Pens,Office Supplies,South,Charlotte,North Carolina,109.66,14,0,43.83
ORD-0340,2024-01-01,Jack Thompson,Corporate,Table,Furniture,West,Los Angeles,California,1705.48,11,0,309.48
ORD-0341,2024-03-04,Henry Clark,Corporate,Paper,Office Supplies,Central,Houston,Texas,807.55,8,0.1,279.3
ORD-0342,2024-12-24,Henry Clark,Home Office,Pens,Office Supplies,West,San Francisco,California,126.71,14,0,11.59
ORD-0343,2024-07-25,Olivia Hall,Corporate,Stapler,Office Supplies,East,Atlanta,Georgia,723.61,1,0,176.01
ORD-0344,2024-11-11,Jack Thompson,Consumer,Chair,Furniture,West,Seattle,Washington,34.6,14,0.3,8.65
ORD-0345,2024-11-24,Olivia Hall,Home Office,Binder,Office Supplies,West,Portland,Oregon,504.67,6,0.2,44.19
ORD-0346,2024-08-28,Frank Wilson,Corporate,Laptop,Technology,East,Atlanta,Georgia,996.71,3,0,349.42
ORD-0347,2024-11-13,Henry Clark,Consumer,Printer,Technology,East,Atlanta,Georgia,812.52,4,0,189.84
ORD-0348,2024-08-24,Alice Johnson,Consumer,Table,Furniture,Central,Chicago,Illinois,1310.21,2,0.2,225.29
ORD-0349,2024-09-07,Henry Clark,Corporate,Envelopes,Office Supplies,Central,Detroit,Michigan,1312.65,8,0.15,-41.23
ORD-0350,2024-12-15,Karen Moore,Corporate,Envelopes,Office Supplies,South,Charlotte,North Carolina,236.91,13,0.05,11.45
ORD-0351,2024-01-06,David Brown,Consumer,Envelopes,Office Supplies,Central,Chicago,Illinois,989.92,14,0.2,73.48
ORD-0352,2024-12-11,Jack Thompson,Consumer,Desk,Furniture,South,Nashville,Tennessee,224.45,7,0,94.42
ORD-0353,2024-01-17,Iris Davis,Consumer,Table,Furniture,East,Miami,Florida,1475.07,9,0.2,454.94
ORD-0354,2024-02-13,Jack Thompson,Home Office,Envelopes,Office Supplies,East,Boston,Massachusetts,1318.47,10,0.15,282.02
ORD-0355,2024-05-15,Iris Davis,Corporate,Tablet,Technology,South,Charlotte,North Carolina,1611.55,3,0.2,375.18
ORD-0356,2024-11-07,Carol White,Home Office,Envelopes,Office Supplies,Central,Detroit,Michigan,409.77,10,0.1,119.73
ORD-0357,2024-06-18,Iris Davis,Corporate,Pens,Office Supplies,Central,Chicago,Illinois,965.94,10,0.2,247.05
ORD-0358,2024-07-05,Eva Martinez,Home Office,Chair,Furniture,West,Los Angeles,California,115.6,1,0.05,17.22
ORD-0359,2024-04-25,Leo Garcia,Home Office,Desk,Furniture,West,Seattle,Washington,1086.93,6,0.25,74.18
ORD-0360,2024-09-26,Grace Lee,Home Office,Keyboard,Technology,South,Nashville,Tennessee,1595.7,12,0.1,-118.7
ORD-0361,2024-12-09,Leo Garcia,Home Office,Cabinet,Furniture,West,Los Angeles,California,414.14,14,0.25,118.65
ORD-0362,2024-05-15,Iris Davis,Consumer,Binder,Office Supplies,East,Boston,Massachusetts,363.08,11,0,45.31
ORD-0363,2024-09-09,Olivia Hall,Consumer,Chair,Furniture,South,Charlotte,North Carolina,268.83,10,0.1,12.64
ORD-0364,2024-01-25,Frank Wilson,Consumer,Phone,Technology,Central,Detroit,Michigan,1865.44,10,0.1,413.38
ORD-0365,2024-09-03,Frank Wilson,Consumer,Binder,Office Supplies,East,Boston,Massachusetts,1574.65,3,0.2,336.64
ORD-0366,2024-06-10,Mia Robinson,Home Office,Keyboard,Technology,Central,Houston,Texas,444.71,13,0.3,74.69
ORD-0367,2024-04-21,Frank Wilson,Corporate,Laptop,Technology,Central,Minneapolis,Minnesota,1231.27,10,0.05,507.14
ORD-0368,2024-12-10,Henry Clark,Consumer,Monitor,Technology,Central,Detroit,Michigan,59.16,9,0.15,12.86
ORD-0369,2024-09-03,David Brown,Home Office,Sofa,Furniture,East,Philadelphia,Pennsylvania,1896.94,3,0.3,349.6
ORD-0370,2024-04-18,Leo Garcia,Home Office,Pens,Office Supplies,South,Austin,Texas,1659.21,15,0.2,409.66
ORD-0371,2024-01-03,David Brown,Corporate,Laptop,Technology,South,Charlotte,North Carolina,155.76,3,0.1,38.3
ORD-0372,2024-07-11,Jack Thompson,Consumer,Table,Furniture,South,Tampa,Florida,43.61,11,0,11.51
ORD-0373,2024-06-17,Olivia Hall,Corporate,Envelopes,Office Supplies,West,Los Angeles,California,221.21,13,0.1,58.26
ORD-0374,2024-03-18,Eva Martinez,Home Office,Table,Furniture,West,Portland,Oregon,447.53,12,0.2,132.01
ORD-0375,2024-09-28,Iris Davis,Home Office,Tablet,Technology,Central,Chicago,Illinois,1114.59,2,0,57.97
ORD-0376,2024-04-14,Jack Thompson,Corporate,Tablet,Technology,East,Philadelphia,Pennsylvania,1812.2,14,0.3,135.71
ORD-0377,2024-01-28,Eva Martinez,Consumer,Laptop,Technology,East,Atlanta,Georgia,1504.57,9,0.25,-128.08
ORD-0378,2024-06-05,Henry Clark,Corporate,Keyboard,Technology,South,Charlotte,North Carolina,1345.88,4,0,-39.17
ORD-0379,2024-03-19,Frank Wilson,Consumer,Cabinet,Furniture,Central,Detroit,Michigan,1138.06,13,0.15,419.31
ORD-0380,2024-06-05,Eva Martinez,Corporate,Keyboard,Technology,South,Charlotte,North Carolina,1362.36,6,0.25,240.26
ORD-0381,2024-02-27,Leo Garcia,Home Office,Paper,Office Supplies,East,Atlanta,Georgia,568.43,14,0,231.08
ORD-0382,2024-09-21,Alice Johnson,Home Office,Keyboard,Technology,West,Los Angeles,California,72.08,10,0.2,20.63
ORD-0383,2024-06-13,Bob Smith,Corporate,Cabinet,Furniture,South,Nashville,Tennessee,454.38,13,0.1,42.35
ORD-0384,2024-10-22,Jack Thompson,Home Office,Cabinet,Furniture,West,San Francisco,California,340.03,9,0,77.69
ORD-0385,2024-01-08,Karen Moore,Consumer,Keyboard,Technology,South,Charlotte,North Carolina,1525.33,4,0,237.56
ORD-0386,2024-08-02,Karen Moore,Corporate,Binder,Office Supplies,South,Tampa,Florida,89.41,11,0.15,6.94
ORD-0387,2024-11-13,Olivia Hall,Consumer,Binder,Office Supplies,East,Miami,Florida,736.94,11,0,189.15
ORD-0388,2024-08-26,Bob Smith,Home Office,Stapler,Office Supplies,Central,Houston,Texas,969.4,10,0,-40.41
ORD-0389,2024-03-06,Frank Wilson,Home Office,Binder,Office Supplies,East,Boston,Massachusetts,730.82,12,0,229.8
ORD-0390,2024-04-19,Carol White,Consumer,Monitor,Technology,South,Tampa,Florida,330.88,14,0.2,-5.14
ORD-0391,2024-03-02,Jack Thompson,Home Office,Envelopes,Office Supplies,West,Denver,Colorado,341.02,15,0,87.52
ORD-0392,2024-04-15,Jack Thompson,Consumer,Keyboard,Technology,Central,Chicago,Illinois,1216.99,8,0.25,107.91
ORD-0393,2024-12-22,Bob Smith,Consumer,Pens,Office Supplies,Central,Dallas,Texas,691.92,8,0,98.2
ORD-0394,2024-10-04,Mia Robinson,Consumer,Printer,Technology,South,Nashville,Tennessee,363.07,15,0,145.63
ORD-0395,2024-09-27,Alice Johnson,Home Office,Monitor,Technology,East,Atlanta,Georgia,12.39,13,0.2,2.57
ORD-0396,2024-07-12,Mia Robinson,Consumer,Stapler,Office Supplies,East,Miami,Florida,1182.21,12,0,260.32
ORD-0397,2024-04-01,Karen Moore,Consumer,Tablet,Technology,South,Charlotte,North Carolina,1421.21,13,0,-41.11
ORD-0398,2024-02-05,Jack Thompson,Corporate,Binder,Office Supplies,South,Charlotte,North Carolina,857.88,10,0.1,119.3
ORD-0399,2024-07-18,Eva Martinez,Corporate,Binder,Office Supplies,South,Nashville,Tennessee,1569.74,8,0,310.94
ORD-0400,2024-11-04,Mia Robinson,Corporate,Binder,Office Supplies,South,Nashville,Tennessee,1498.15,8,0,135.0
ORD-0401,2024-07-21,Bob Smith,Consumer,Envelopes,Office Supplies,West,San Francisco,California,20.53,2,0,4.9
ORD-0402,2024-10-02,Leo Garcia,Home Office,Desk,Furniture,Central,Chicago,Illinois,1451.74,15,0.2,343.29
ORD-0403,2024-01-07,Iris Davis,Home Office,Phone,Technology,South,Tampa,Florida,1702.63,15,0.3,-66.58
ORD-0404,2024-06-08,Frank Wilson,Home Office,Printer,Technology,East,New York,New York,1313.49,3,0,589.4
ORD-0405,2024-01-24,Iris Davis,Home Office,Table,Furniture,East,Atlanta,Georgia,1410.21,15,0,380.53
ORD-0406,2024-10-07,Bob Smith,Home Office,Bookcase,Furniture,Central,Dallas,Texas,914.97,7,0,141.31
ORD-0407,2024-02-26,Leo Garcia,Corporate,Printer,Technology,Central,Houston,Texas,1031.44,5,0.3,270.94
ORD-0408,2024-06-25,Grace Lee,Home Office,Cabinet,Furniture,South,Nashville,Tennessee,923.11,8,0,224.12
ORD-0409,2024-07-12,Noah Lewis,Corporate,Keyboard,Technology,East,Philadelphia,Pennsylvania,1037.84,1,0.1,-51.53
ORD-0410,2024-06-12,Olivia Hall,Consumer,Printer,Technology,East,Miami,Florida,444.95,10,0.1,49.3
ORD-0411,2024-12-08,Jack Thompson,Corporate,Sofa,Furniture,East,Boston,Massachusetts,1746.76,4,0.05,217.56
ORD-0412,2024-11-22,Frank Wilson,Home Office,Laptop,Technology,West,Los Angeles,California,990.4,1,0.3,300.33
ORD-0413,2024-03-25,Alice Johnson,Home Office,Table,Furniture,Central,Minneapolis,Minnesota,1832.85,5,0.2,203.57
ORD-0414,2024-06-13,Frank Wilson,Home Office,Table,Furniture,West,Denver,Colorado,1722.2,13,0,-123.24
ORD-0415,2024-10-04,Eva Martinez,Corporate,Laptop,Technology,East,Miami,Florida,657.62,10,0.1,73.9
ORD-0416,2024-08-14,Henry Clark,Consumer,Binder,Office Supplies,Central,Dallas,Texas,428.96,12,0.15,71.48
ORD-0417,2024-12-09,Mia Robinson,Home Office,Pens,Office Supplies,East,New York,New York,1610.13,9,0.2,505.61
ORD-0418,2024-07-16,Henry Clark,Corporate,Monitor,Technology,West,San Francisco,California,277.6,15,0.3,51.22
ORD-0419,2024-02-23,Henry Clark,Home Office,Cabinet,Furniture,West,Portland,Oregon,335.05,4,0.1,72.56
ORD-0420,2024-09-18,Jack Thompson,Consumer,Bookcase,Furniture,Central,Houston,Texas,1864.37,5,0.15,-41.03
ORD-0421,2024-06-11,Eva Martinez,Corporate,Envelopes,Office Supplies,East,Philadelphia,Pennsylvania,1349.65,8,0.25,410.82
ORD-0422,2024-07-21,Frank Wilson,Corporate,Pens,Office Supplies,East,Philadelphia,Pennsylvania,1228.5,7,0,100.3
ORD-0423,2024-11-13,Henry Clark,Corporate,Binder,Office Supplies,Central,Detroit,Michigan,549.78,8,0.15,163.17
ORD-0424,2024-12-08,Bob Smith,Consumer,Phone,Technology,West,San Francisco,California,1327.42,12,0,178.18
ORD-0425,2024-07-17,Karen Moore,Corporate,Cabinet,Furniture,West,Los Angeles,California,1532.34,2,0,237.48
ORD-0426,2024-08-21,Noah Lewis,Corporate,Desk,Furniture,East,Philadelphia,Pennsylvania,261.56,9,0,16.07
ORD-0427,2024-08-05,Karen Moore,Home Office,Table,Furniture,Central,Detroit,Michigan,1939.39,12,0.3,164.01
ORD-0428,2024-11-21,Bob Smith,Corporate,Envelopes,Office Supplies,South,Orlando,Florida,1072.23,15,0.15,221.16
ORD-0429,2024-03-10,Alice Johnson,Home Office,Bookcase,Furniture,South,Charlotte,North Carolina,31.01,9,0,5.82
ORD-0430,2024-07-26,Olivia Hall,Home Office,Table,Furniture,Central,Chicago,Illinois,592.92,4,0,159.66
ORD-0431,2024-12-24,Iris Davis,Home Office,Table,Furniture,East,Boston,Massachusetts,1295.52,14,0.2,-50.16
ORD-0432,2024-11-24,Bob Smith,Home Office,Markers,Office Supplies,Central,Houston,Texas,1068.57,5,0.2,-16.55
ORD-0433,2024-12-20,Alice Johnson,Consumer,Cabinet,Furniture,South,Charlotte,North Carolina,989.07,6,0,109.65
ORD-0434,2024-12-15,Frank Wilson,Corporate,Tablet,Technology,Central,Dallas,Texas,1456.94,4,0,160.66
ORD-0435,2024-12-26,Bob Smith,Home Office,Table,Furniture,Central,Minneapolis,Minnesota,73.16,2,0,5.3
ORD-0436,2024-07-27,David Brown,Home Office,Desk,Furniture,East,Philadelphia,Pennsylvania,35.1,13,0.05,6.8
ORD-0437,2024-09-22,Frank Wilson,Consumer,Phone,Technology,South,Austin,Texas,1964.41,8,0.2,506.94
ORD-0438,2024-09-04,Noah Lewis,Home Office,Markers,Office Supplies,West,Denver,Colorado,514.09,11,0.1,59.91
ORD-0439,2024-06-01,Alice Johnson,Home Office,Laptop,Technology,East,Miami,Florida,343.05,5,0,71.47
ORD-0440,2024-02-08,Karen Moore,Consumer,Stapler,Office Supplies,East,Philadelphia,Pennsylvania,323.82,2,0.15,116.25
ORD-0441,2024-02-05,Mia Robinson,Corporate,Tablet,Technology,East,Atlanta,Georgia,980.81,6,0.3,250.89
ORD-0442,2024-06-24,Eva Martinez,Home Office,Pens,Office Supplies,West,Portland,Oregon,278.12,15,0,67.89
ORD-0443,2024-03-18,Olivia Hall,Home Office,Stapler,Office Supplies,East,Atlanta,Georgia,701.85,12,0.25,84.29
ORD-0444,2024-05-27,Grace Lee,Home Office,Laptop,Technology,East,Miami,Florida,534.07,6,0.25,20.14
ORD-0445,2024-04-11,Karen Moore,Corporate,Laptop,Technology,Central,Detroit,Michigan,1444.8,11,0.3,381.91
ORD-0446,2024-07-21,Carol White,Consumer,Pens,Office Supplies,Central,Houston,Texas,650.83,2,0.3,-67.87
ORD-0447,2024-02-02,Leo Garcia,Home Office,Laptop,Technology,South,Nashville,Tennessee,1146.31,14,0.2,287.19
ORD-0448,2024-10-23,Noah Lewis,Consumer,Chair,Furniture,Central,Dallas,Texas,151.04,15,0.05,44.81
ORD-0449,2024-09-24,Iris Davis,Consumer,Sofa,Furniture,West,Seattle,Washington,1877.11,7,0.15,-203.44
ORD-0450,2024-04-17,Iris Davis,Home Office,Paper,Office Supplies,Central,Chicago,Illinois,203.27,12,0.05,50.72
ORD-0451,2024-12-18,Grace Lee,Consumer,Printer,Technology,East,Atlanta,Georgia,836.22,2,0.15,227.31
ORD-0452,2024-06-22,Iris Davis,Corporate,Phone,Technology,South,Orlando,Florida,324.77,10,0.25,103.13
ORD-0453,2024-10-08,Eva Martinez,Corporate,Table,Furniture,South,Charlotte,North Carolina,1130.66,4,0.2,322.27
ORD-0454,2024-12-02,Eva Martinez,Consumer,Table,Furniture,South,Austin,Texas,1966.08,10,0,505.37
ORD-0455,2024-01-25,Jack Thompson,Home Office,Desk,Furniture,East,Philadelphia,Pennsylvania,1645.66,12,0.1,618.57
ORD-0456,2024-06-05,Bob Smith,Home Office,Laptop,Technology,West,Portland,Oregon,285.43,6,0.05,38.83
ORD-0457,2024-12-11,Jack Thompson,Consumer,Cabinet,Furniture,East,New York,New York,1587.88,3,0.25,452.88
ORD-0458,2024-12-26,Olivia Hall,Corporate,Markers,Office Supplies,Central,Chicago,Illinois,1156.8,2,0,484.41
ORD-0459,2024-01-21,Carol White,Corporate,Chair,Furniture,East,Atlanta,Georgia,1557.06,7,0,-84.58
ORD-0460,2024-01-22,Bob Smith,Consumer,Markers,Office Supplies,East,Boston,Massachusetts,1465.84,7,0.25,386.03
ORD-0461,2024-03-11,Grace Lee,Home Office,Bookcase,Furniture,South,Nashville,Tennessee,174.26,10,0,46.92
ORD-0462,2024-08-18,Iris Davis,Consumer,Sofa,Furniture,East,Boston,Massachusetts,404.24,7,0.05,105.4
ORD-0463,2024-06-22,Frank Wilson,Consumer,Laptop,Technology,Central,Minneapolis,Minnesota,1849.03,2,0,589.28
ORD-0464,2024-03-12,Olivia Hall,Consumer,Bookcase,Furniture,West,Seattle,Washington,1236.28,13,0.25,277.49
ORD-0465,2024-12-28,Carol White,Corporate,Keyboard,Technology,Central,Dallas,Texas,180.77,12,0,26.61
ORD-0466,2024-08-16,Mia Robinson,Corporate,Tablet,Technology,West,Seattle,Washington,55.27,4,0.3,5.21
ORD-0467,2024-07-19,Leo Garcia,Home Office,Stapler,Office Supplies,East,New York,New York,1813.02,9,0,-49.74
ORD-0468,2024-02-13,Karen Moore,Corporate,Chair,Furniture,South,Austin,Texas,1324.14,11,0.15,-199.07
ORD-0469,2024-08-28,Iris Davis,Home Office,Monitor,Technology,West,Seattle,Washington,1198.24,2,0,155.23
ORD-0470,2024-05-11,Frank Wilson,Home Office,Laptop,Technology,East,Atlanta,Georgia,984.97,12,0,56.49
ORD-0471,2024-11-09,David Brown,Consumer,Desk,Furniture,Central,Chicago,Illinois,1758.57,15,0,752.06
ORD-0472,2024-12-13,Grace Lee,Corporate,Table,Furniture,East,New York,New York,1046.23,11,0.05,215.61
ORD-0473,2024-03-07,Carol White,Corporate,Binder,Office Supplies,South,Orlando,Florida,1308.42,10,0.3,296.4
ORD-0474,2024-03-21,Leo Garcia,Consumer,Markers,Office Supplies,East,Miami,Florida,1866.73,15,0,330.41
ORD-0475,2024-06-14,Karen Moore,Home Office,Tablet,Technology,East,New York,New York,1922.78,5,0.25,502.2
ORD-0476,2024-03-06,Jack Thompson,Consumer,Desk,Furniture,East,New York,New York,62.13,10,0.1,16.34
ORD-0477,2024-02-23,Karen Moore,Corporate,Keyboard,Technology,West,Seattle,Washington,1561.85,3,0.3,424.7
ORD-0478,2024-03-06,Grace Lee,Consumer,Monitor,Technology,South,Tampa,Florida,394.59,1,0.2,-23.36
ORD-0479,2024-02-06,Olivia Hall,Consumer,Markers,Office Supplies,East,Boston,Massachusetts,1854.94,8,0.25,452.34
ORD-0480,2024-12-27,Jack Thompson,Home Office,Table,Furniture,West,Denver,Colorado,766.94,6,0.2,180.75
ORD-0481,2024-02-15,Iris Davis,Corporate,Markers,Office Supplies,West,Denver,Colorado,919.23,15,0,368.71
ORD-0482,2024-11-02,Eva Martinez,Corporate,Paper,Office Supplies,South,Orlando,Florida,387.8,8,0.2,125.26
ORD-0483,2024-01-23,Leo Garcia,Home Office,Monitor,Technology,Central,Detroit,Michigan,1038.77,3,0.25,297.57
ORD-0484,2024-07-11,David Brown,Corporate,Phone,Technology,East,Miami,Florida,907.26,3,0.25,194.69
ORD-0485,2024-12-24,Leo Garcia,Home Office,Tablet,Technology,Central,Dallas,Texas,255.85,2,0.25,-22.31
ORD-0486,2024-07-02,Carol White,Consumer,Pens,Office Supplies,South,Orlando,Florida,1538.84,15,0.15,361.27
ORD-0487,2024-05-10,David Brown,Consumer,Phone,Technology,West,Portland,Oregon,1463.02,8,0.1,-60.41
ORD-0488,2024-08-28,David Brown,Home Office,Binder,Office Supplies,West,Portland,Oregon,1002.3,13,0,293.87
ORD-0489,2024-08-03,Karen Moore,Home Office,Stapler,Office Supplies,South,Tampa,Florida,1206.42,1,0.05,461.73
ORD-0490,2024-01-21,Eva Martinez,Corporate,Laptop,Technology,East,Boston,Massachusetts,704.55,3,0,223.2
ORD-0491,2024-03-06,Jack Thompson,Corporate,Laptop,Technology,West,Portland,Oregon,1347.46,10,0.3,114.1
ORD-0492,2024-06-13,Bob Smith,Home Office,Laptop,Technology,Central,Houston,Texas,1642.33,13,0.2,-146.73
ORD-0493,2024-04-23,Iris Davis,Consumer,Bookcase,Furniture,South,Orlando,Florida,426.01,1,0,118.66
ORD-0494,2024-10-28,Henry Clark,Home Office,Sofa,Furniture,Central,Minneapolis,Minnesota,639.81,9,0.15,228.87
ORD-0495,2024-03-20,Bob Smith,Home Office,Markers,Office Supplies,South,Tampa,Florida,473.12,5,0.05,-7.97
ORD-0496,2024-01-11,Eva Martinez,Corporate,Printer,Technology,South,Tampa,Florida,705.8,13,0.05,36.56
ORD-0497,2024-09-11,Jack Thompson,Consumer,Tablet,Technology,Central,Detroit,Michigan,1536.39,2,0.15,243.61
ORD-0498,2024-11-16,Karen Moore,Corporate,Phone,Technology,Central,Houston,Texas,1833.16,13,0,565.09
ORD-0499,2024-12-02,Frank Wilson,Corporate,Binder,Office Supplies,South,Tampa,Florida,1671.86,5,0.15,-127.96
ORD-0500,2024-06-13,Jack Thompson,Consumer,Phone,Technology,Central,Chicago,Illinois,1256.76,14,0,349.87
